<DBTransporter Version="3.0">
  <Header>
    <Parameter Name="Edition">STE</Parameter>
    <Parameter Name="Version">9.1</Parameter>
    <Parameter Name="ExportDate">2023-10-12 10:41:11</Parameter>
    <Parameter Name="Display">DC01\OneIM</Parameter>
    <Parameter Name="DBSystem">MSSQL</Parameter>
    <Parameter Name="DBServer">DC01</Parameter>
    <Parameter Name="DBName">OneIM</Parameter>
    <Parameter Name="UserDisplay">psherman</Parameter>
    <Parameter Name="UserName">psherman</Parameter>
    <Parameter Name="Description">SecretServer Sync Project</Parameter>
    <Parameter Name="Parts">Common</Parameter>
    <Parameter Name="Costs">S0|C5|D0</Parameter>
    <Parameter Name="Modules">CCC,DPR,QBM</Parameter>
  </Header>
  <Tasks>
    <Task Class="VI.Transport.DPR.ShellTransport, VI.Transport.DPR" Display="ShellTransport">
      <Parameter Name="Costs">S0|C5|D0</Parameter>
      <Parameter Name="TaskPath">ShellTransport</Parameter>
    </Task>
  </Tasks>
  <Modules>
    <Module Id="CCC" Name="Customer configured content" Version="9.1.1.158" />
    <Module Id="DPR" Name="Target System Synchronization Module" Version="9.1.1.158" />
    <Module Id="QBM" Name="Configuration Module" Version="9.1.1.158" />
  </Modules>
</DBTransporter>